disease,disease_display,category,n_papers,sii,ktp,rcc,ssa_dalys_2021,ssa_deaths_2021,ssa_prevalence_2021,ssa_incidence_2021,global_rank_dalys,ssa_rank_dalys,who_priority,ntd_classification,key_risk_factors_ssa,diagnostic_availability_ssa,treatment_access_ssa,prevention_interventions,key_african_studies,policy_frameworks,data_source_notes
Conduct_disorder,Conduct disorder,Mental,6012,0.0033469724003225565,0.9983583092689514,0.005803059320896864,,,,,,,,False,,,,,,,Populate from GBD 2021 Results Tool and WHO GHO
Police_conflict_and_executions,Police conflict and executions,Injury,2599,0.002992486348375678,0.9982592463493347,0.006150481756776571,,,,,,,,False,,,,,,,Populate from GBD 2021 Results Tool and WHO GHO
Other_transport_injuries,Other transport injuries,Injury,759,0.00280177709646523,0.9982135891914368,0.006285442505031824,,,,,,,,False,,,,,,,Populate from GBD 2021 Results Tool and WHO GHO
African_trypanosomiasis,African trypanosomiasis,NTD,4845,0.002652810886502266,0.9985998868942261,0.007300170138478279,,,,,,,,True,,,,,,,Populate from GBD 2021 Results Tool and WHO GHO
Onchocerciasis,Onchocerciasis,NTD,2345,0.0025801307056099176,0.9987198114395142,0.006194391753524542,,,,,,,,True,,,,,,,Populate from GBD 2021 Results Tool and WHO GHO
Tracheal,Tracheal,NCD-Cancer,1146,0.002458406612277031,0.9983752965927124,0.007255407050251961,,,,,,,,False,,,,,,,Populate from GBD 2021 Results Tool and WHO GHO
Ebola,Ebola,Infectious,10194,0.002445325255393982,0.9986464381217957,0.00712676253169775,,,,,,,,False,,,,,,,Populate from GBD 2021 Results Tool and WHO GHO
Conflict_and_terrorism,Conflict and terrorism,Injury,15089,0.002443463308736682,0.9984331727027893,0.00724823446944356,,,,,,,,False,,,,,,,Populate from GBD 2021 Results Tool and WHO GHO
Exposure_to_forces_of_nature,Exposure to forces of nature,Injury,27992,0.002425660379230976,0.9981935024261475,0.007913259789347649,,,,,,,,False,,,,,,,Populate from GBD 2021 Results Tool and WHO GHO
Zika_virus,Zika virus,Infectious,12776,0.002414488699287176,0.998604953289032,0.007635738700628281,,,,,,,,False,,,,,,,Populate from GBD 2021 Results Tool and WHO GHO
Interpersonal_violence,Interpersonal violence,Injury,86268,0.002398492069914937,0.9987782835960388,0.006902297958731651,,,,,,,,False,,,,,,,Populate from GBD 2021 Results Tool and WHO GHO
Lymphatic_filariasis,Lymphatic filariasis,NTD,3354,0.002374436939135194,0.9988543391227722,0.006120411213487387,,,,,,,,True,,,,,,,Populate from GBD 2021 Results Tool and WHO GHO
Guinea_worm_disease,Guinea worm disease,NTD,429,0.002285813679918647,0.9988042116165161,0.007910522632300854,,,,,,,,True,,,,,,,Populate from GBD 2021 Results Tool and WHO GHO
Fungal_skin_diseases,Fungal skin diseases,Other,12452,0.0022696275264024734,0.9985362887382507,0.006798600312322378,,,,,,,,False,,,,,,,Populate from GBD 2021 Results Tool and WHO GHO
Chagas_disease,Chagas disease,NTD,17438,0.0022344356402754784,0.9986300468444824,0.007747333962470293,,,,,,,,True,,,,,,,Populate from GBD 2021 Results Tool and WHO GHO
Cystic_echinococcosis,Cystic echinococcosis,NTD,11794,0.0022014654241502285,0.9984024167060852,0.007459771353751421,,,,,,,,True,,,,,,,Populate from GBD 2021 Results Tool and WHO GHO
Attention-deficit_hyperactivity_disorder,Attention-deficit hyperactivity disorder,Mental,44908,0.0021696758922189474,0.999022901058197,0.006137066055089235,,,,,,,,False,,,,,,,Populate from GBD 2021 Results Tool and WHO GHO
Yellow_fever,Yellow fever,NTD,5685,0.0021509421057999134,0.9989386200904846,0.007661812473088503,,,,,,,,True,,,,,,,Populate from GBD 2021 Results Tool and WHO GHO
Leishmaniasis,Leishmaniasis,NTD,24632,0.002150160726159811,0.9988369941711426,0.007646894082427025,,,,,,,,True,,,,,,,Populate from GBD 2021 Results Tool and WHO GHO
"Inguinal,_femoral,_and_abdominal_hernia","Inguinal, femoral, and abdominal hernia",Other,13350,0.0021087294444441795,0.9985888004302979,0.0063039991073310375,,,,,,,,False,,,,,,,Populate from GBD 2021 Results Tool and WHO GHO
Anxiety_disorders,Anxiety disorders,Mental,61312,0.002061313483864069,0.999101996421814,0.006286961492151022,,,,,,,,False,,,,,,,Populate from GBD 2021 Results Tool and WHO GHO
Invasive_Non-typhoidal_Salmonella_(iNTS),Invasive Non-typhoidal Salmonella (iNTS),Infectious,13791,0.0020467103458940983,0.9987495541572571,0.008020375855267048,,,,,,,,False,,,,,,,Populate from GBD 2021 Results Tool and WHO GHO
Trachoma,Trachoma,NTD,2072,0.0020336199086159468,0.9986234307289124,0.006551122758537531,,,,,,,,True,,,,,,,Populate from GBD 2021 Results Tool and WHO GHO
Cysticercosis,Cysticercosis,NTD,4651,0.0020278238225728273,0.998711884021759,0.006797312758862972,,,,,,,,True,,,,,,,Populate from GBD 2021 Results Tool and WHO GHO
Intestinal_nematode_infections,Intestinal nematode infections,Other,26256,0.0020175366662442684,0.9989097714424133,0.0068988194689154625,,,,,,,,False,,,,,,,Populate from GBD 2021 Results Tool and WHO GHO
Foreign_body,Foreign body,Injury,32632,0.001994349993765354,0.9986722469329834,0.00719691114500165,,,,,,,,False,,,,,,,Populate from GBD 2021 Results Tool and WHO GHO
Self-harm,Self-harm,Injury,58732,0.001985883805900812,0.9990158081054688,0.006764611229300499,,,,,,,,False,,,,,,,Populate from GBD 2021 Results Tool and WHO GHO
Iodine_deficiency,Iodine deficiency,Nutritional,3368,0.0019743209704756737,0.9986364841461182,0.006030958611518145,,,,,,,,False,,,,,,,Populate from GBD 2021 Results Tool and WHO GHO
Aortic_aneurysm,Aortic aneurysm,NCD-CVD,48286,0.001954616978764534,0.9987398982048035,0.006879290100187063,,,,,,,,False,,,,,,,Populate from GBD 2021 Results Tool and WHO GHO
Food-borne_trematodiases,Food-borne trematodiases,NTD,17465,0.001953926170244813,0.9989221096038818,0.007281002122908831,,,,,,,,True,,,,,,,Populate from GBD 2021 Results Tool and WHO GHO
Paralytic_ileus_and_intestinal_obstruction,Paralytic ileus and intestinal obstruction,Other,23965,0.001930069294758141,0.998816192150116,0.006664149463176727,,,,,,,,False,,,,,,,Populate from GBD 2021 Results Tool and WHO GHO
Road_injuries,Road injuries,Injury,30365,0.001912513980641961,0.9987308382987976,0.0067068953067064285,,,,,,,,False,,,,,,,Populate from GBD 2021 Results Tool and WHO GHO
Non-rheumatic_valvular_heart_disease,Non-rheumatic valvular heart disease,NCD-CVD,77007,0.0018826377345249057,0.9988960027694702,0.006853332743048668,,,,,,,,False,,,,,,,Populate from GBD 2021 Results Tool and WHO GHO
Dengue,Dengue,NTD,29945,0.00187530810944736,0.9990274906158447,0.007273243740200996,,,,,,,,True,,,,,,,Populate from GBD 2021 Results Tool and WHO GHO
Typhoid_and_paratyphoid,Typhoid and paratyphoid,Infectious,6240,0.0018723922548815608,0.9989438652992249,0.00801378209143877,,,,,,,,False,,,,,,,Populate from GBD 2021 Results Tool and WHO GHO
Scabies,Scabies,Other,2871,0.0018675822066143155,0.9988588690757751,0.0077439602464437485,,,,,,,,False,,,,,,,Populate from GBD 2021 Results Tool and WHO GHO
Endocarditis,Endocarditis,NCD-CVD,25786,0.0018575984286144376,0.9987329840660095,0.007719812914729118,,,,,,,,False,,,,,,,Populate from GBD 2021 Results Tool and WHO GHO
Animal_contact,Animal contact,Injury,10211,0.0017891174647957087,0.9987818598747253,0.007262870669364929,,,,,,,,False,,,,,,,Populate from GBD 2021 Results Tool and WHO GHO
Appendicitis,Appendicitis,Other,16121,0.0017849546857178211,0.9988091588020325,0.006629957351833582,,,,,,,,False,,,,,,,Populate from GBD 2021 Results Tool and WHO GHO
Rabies,Rabies,NTD,9674,0.001778035773895681,0.998972475528717,0.007267190143465996,,,,,,,,True,,,,,,,Populate from GBD 2021 Results Tool and WHO GHO
Alcohol_use_disorders,Alcohol use disorders,Mental,39037,0.0017676412826403975,0.999144971370697,0.006683488842099905,,,,,,,,False,,,,,,,Populate from GBD 2021 Results Tool and WHO GHO
Falls,Falls,Injury,17388,0.001766393193975091,0.9987977147102356,0.0063303811475634575,,,,,,,,False,,,,,,,Populate from GBD 2021 Results Tool and WHO GHO
Autism_spectrum_disorders,Autism spectrum disorders,Mental,94640,0.0017586875474080443,0.999085009098053,0.007318068295717239,,,,,,,,False,,,,,,,Populate from GBD 2021 Results Tool and WHO GHO
Malaria,Malaria,Infectious,78894,0.0017577052349224687,0.999054491519928,0.007671162951737642,,,,,,,,False,,,,,,,Populate from GBD 2021 Results Tool and WHO GHO
Schistosomiasis,Schistosomiasis,NTD,14232,0.0017247832147404552,0.9990401268005371,0.0074540432542562485,,,,,,,,True,,,,,,,Populate from GBD 2021 Results Tool and WHO GHO
Drowning,Drowning,Injury,4323,0.0017017978243529797,0.9989187717437744,0.0071509345434606075,,,,,,,,False,,,,,,,Populate from GBD 2021 Results Tool and WHO GHO
Atrial_fibrillation_and_flutter,Atrial fibrillation and flutter,NCD-CVD,101534,0.0016972101293504238,0.9990116357803345,0.006728275679051876,,,,,,,,False,,,,,,,Populate from GBD 2021 Results Tool and WHO GHO
Bipolar_disorder,Bipolar disorder,Mental,46090,0.001680632820352912,0.9991981387138367,0.0062767015770077705,,,,,,,,False,,,,,,,Populate from GBD 2021 Results Tool and WHO GHO
COVID-19,COVID-19,Infectious,52153,0.0016639137174934149,0.9988614320755005,0.007392252329736948,,,,,,,,False,,,,,,,Populate from GBD 2021 Results Tool and WHO GHO
Other_unintentional_injuries,Other unintentional injuries,Injury,4626,0.0016587722348049283,0.9989564418792725,0.006881503388285637,,,,,,,,False,,,,,,,Populate from GBD 2021 Results Tool and WHO GHO
Drug_use_disorders,Drug use disorders,Mental,177601,0.0016569036524742842,0.9991750121116638,0.006904706824570894,,,,,,,,False,,,,,,,Populate from GBD 2021 Results Tool and WHO GHO
Leprosy,Leprosy,NTD,8452,0.0016424661735072732,0.9988564848899841,0.007501645945012569,,,,,,,,True,,,,,,,Populate from GBD 2021 Results Tool and WHO GHO
Acute_glomerulonephritis,Acute glomerulonephritis,Other,32647,0.001632543746381998,0.9988569617271423,0.006603907328099012,,,,,,,,False,,,,,,,Populate from GBD 2021 Results Tool and WHO GHO
Schizophrenia,Schizophrenia,Mental,123827,0.001628828700631857,0.9992432594299316,0.0068526058457791805,,,,,,,,False,,,,,,,Populate from GBD 2021 Results Tool and WHO GHO
Diphtheria,Diphtheria,Infectious,9165,0.0016086995601654053,0.999047577381134,0.007566067855805159,,,,,,,,False,,,,,,,Populate from GBD 2021 Results Tool and WHO GHO
Neck_pain,Neck pain,Other,16475,0.0016051107086241245,0.9989991188049316,0.0061543476767838,,,,,,,,False,,,,,,,Populate from GBD 2021 Results Tool and WHO GHO
Parkinson's_disease,Parkinson's disease,NCD-Other,140133,0.001600571908056736,0.9989749789237976,0.007028219755738974,,,,,,,,False,,,,,,,Populate from GBD 2021 Results Tool and WHO GHO
Low_back_pain,Low back pain,Other,40563,0.0015933364629745483,0.99900883436203,0.0062567368149757385,,,,,,,,False,,,,,,,Populate from GBD 2021 Results Tool and WHO GHO
Non-Hodgkin_lymphoma,Non-Hodgkin lymphoma,NCD-Cancer,70213,0.0015899789286777377,0.9990898370742798,0.007000977173447609,,,,,,,,False,,,,,,,Populate from GBD 2021 Results Tool and WHO GHO
Pertussis,Pertussis,Infectious,15935,0.00158539111725986,0.998947024345398,0.007903121411800385,,,,,,,,False,,,,,,,Populate from GBD 2021 Results Tool and WHO GHO
Measles,Measles,Infectious,15392,0.001583241275511682,0.9991742372512817,0.007107824552804232,,,,,,,,False,,,,,,,Populate from GBD 2021 Results Tool and WHO GHO
Vitamin_A_deficiency,Vitamin A deficiency,Nutritional,3135,0.0015678917989134789,0.9989964962005615,0.006557582411915064,,,,,,,,False,,,,,,,Populate from GBD 2021 Results Tool and WHO GHO
Other_neglected_tropical_diseases,Other neglected tropical diseases,NTD,12657,0.0015351080801337957,0.9991307258605957,0.00821550004184246,,,,,,,,True,,,,,,,Populate from GBD 2021 Results Tool and WHO GHO
Stomach_cancer,Stomach cancer,NCD-Cancer,103320,0.001527757034637034,0.9994316101074219,0.007401833776384592,,,,,,,,False,,,,,,,Populate from GBD 2021 Results Tool and WHO GHO
Vascular_intestinal_disorders,Vascular intestinal disorders,Other,4226,0.0015216803876683116,0.999011218547821,0.006506042554974556,,,,,,,,False,,,,,,,Populate from GBD 2021 Results Tool and WHO GHO
Osteoarthritis,Osteoarthritis,NCD-Other,114321,0.001509783323854208,0.9990286827087402,0.006876267027109861,,,,,,,,False,,,,,,,Populate from GBD 2021 Results Tool and WHO GHO
Tetanus,Tetanus,Infectious,12379,0.001500709680840373,0.9991143345832825,0.007436290383338928,,,,,,,,False,,,,,,,Populate from GBD 2021 Results Tool and WHO GHO
Neuroblastoma_and_other_peripheral_nervous_cell_tumors,Neuroblastoma and other peripheral nervous cell tumors,NCD-Cancer,34075,0.001499040168710053,0.9991012811660767,0.007722422480583191,,,,,,,,False,,,,,,,Populate from GBD 2021 Results Tool and WHO GHO
Idiopathic_developmental_intellectual_disability,Idiopathic developmental intellectual disability,Mental,63611,0.0014971267664805055,0.9990602135658264,0.007498915772885084,,,,,,,,False,,,,,,,Populate from GBD 2021 Results Tool and WHO GHO
Alzheimer's_disease_and_other_dementias,Alzheimer's disease and other dementias,NCD-Other,204293,0.0014890212332829833,0.9990776181221008,0.007225359324365854,,,,,,,,False,,,,,,,Populate from GBD 2021 Results Tool and WHO GHO
Ischemic_heart_disease,Ischemic heart disease,NCD-CVD,109356,0.001487736706621945,0.999212384223938,0.007171096745878458,,,,,,,,False,,,,,,,Populate from GBD 2021 Results Tool and WHO GHO
Eye_cancer,Eye cancer,NCD-Cancer,20518,0.0014800566714257002,0.9991307258605957,0.007083289325237274,,,,,,,,False,,,,,,,Populate from GBD 2021 Results Tool and WHO GHO
Alopecia_areata,Alopecia areata,Other,4415,0.00147624674718827,0.9991047978401184,0.006488794926553965,,,,,,,,False,,,,,,,Populate from GBD 2021 Results Tool and WHO GHO
Environmental_heat_and_cold_exposure,Environmental heat and cold exposure,Injury,10160,0.0014744317159056664,0.9989790916442871,0.007225159090012312,,,,,,,,False,,,,,,,Populate from GBD 2021 Results Tool and WHO GHO
Motor_neuron_disease,Motor neuron disease,NCD-Other,52517,0.0014657085994258523,0.9990520477294922,0.00799647718667984,,,,,,,,False,,,,,,,Populate from GBD 2021 Results Tool and WHO GHO
Exposure_to_mechanical_forces,Exposure to mechanical forces,Injury,17810,0.0014637731947004795,0.9990972876548767,0.006983748637139797,,,,,,,,False,,,,,,,Populate from GBD 2021 Results Tool and WHO GHO
Sudden_infant_death_syndrome,Sudden infant death syndrome,Other,4695,0.0014610439538955688,0.9989871978759766,0.00680845882743597,,,,,,,,False,,,,,,,Populate from GBD 2021 Results Tool and WHO GHO
Multiple_myeloma,Multiple myeloma,NCD-Cancer,45115,0.0014506310690194368,0.9991554021835327,0.007238815538585186,,,,,,,,False,,,,,,,Populate from GBD 2021 Results Tool and WHO GHO
Testicular_cancer,Testicular cancer,NCD-Cancer,12763,0.0014483582926914096,0.9991868138313293,0.006841416470706463,,,,,,,,False,,,,,,,Populate from GBD 2021 Results Tool and WHO GHO
Gallbladder_and_biliary_tract_cancer,Gallbladder and biliary tract cancer,NCD-Cancer,17652,0.0014465403510257602,0.9994730353355408,0.006799664348363876,,,,,,,,False,,,,,,,Populate from GBD 2021 Results Tool and WHO GHO
Protein-energy_malnutrition,Protein-energy malnutrition,Nutritional,2931,0.0014428526628762484,0.9991269111633301,0.006611890159547329,,,,,,,,False,,,,,,,Populate from GBD 2021 Results Tool and WHO GHO
Eating_disorders,Eating disorders,Mental,51541,0.0014383376110345125,0.9991678595542908,0.007197868078947067,,,,,,,,False,,,,,,,Populate from GBD 2021 Results Tool and WHO GHO
Age-related_and_other_hearing_loss,Age-related and other hearing loss,Other,80002,0.0014369189739227295,0.9990764856338501,0.0071556163020431995,,,,,,,,False,,,,,,,Populate from GBD 2021 Results Tool and WHO GHO
Hodgkin_lymphoma,Hodgkin lymphoma,NCD-Cancer,27318,0.001427644514478743,0.9991455078125,0.0068832156248390675,,,,,,,,False,,,,,,,Populate from GBD 2021 Results Tool and WHO GHO
Rheumatic_heart_disease,Rheumatic heart disease,NCD-CVD,4749,0.0014273237902671099,0.9990543127059937,0.006944846361875534,,,,,,,,False,,,,,,,Populate from GBD 2021 Results Tool and WHO GHO
Esophageal_cancer,Esophageal cancer,NCD-Cancer,51432,0.001415446400642395,0.9994931817054749,0.006911867763847113,,,,,,,,False,,,,,,,Populate from GBD 2021 Results Tool and WHO GHO
Otitis_media,Otitis media,Other,17536,0.0014111900236457586,0.9990454316139221,0.007057609967887402,,,,,,,,False,,,,,,,Populate from GBD 2021 Results Tool and WHO GHO
Idiopathic_epilepsy,Idiopathic epilepsy,NCD-Other,74509,0.001407011179253459,0.9990671873092651,0.006808532401919365,,,,,,,,False,,,,,,,Populate from GBD 2021 Results Tool and WHO GHO
Encephalitis,Encephalitis,Infectious,47767,0.001399240456521511,0.9990877509117126,0.007345044519752264,,,,,,,,False,,,,,,,Populate from GBD 2021 Results Tool and WHO GHO
Acute_hepatitis,Acute hepatitis,Infectious,105425,0.0013970434665679932,0.999090850353241,0.006603155750781298,,,,,,,,False,,,,,,,Populate from GBD 2021 Results Tool and WHO GHO
Bacterial_skin_diseases,Bacterial skin diseases,Other,14283,0.0013951939763501287,0.9992071986198425,0.007676133885979652,,,,,,,,False,,,,,,,Populate from GBD 2021 Results Tool and WHO GHO
Acne_vulgaris,Acne vulgaris,Other,16412,0.0013910419074818492,0.9991838932037354,0.007048164494335651,,,,,,,,False,,,,,,,Populate from GBD 2021 Results Tool and WHO GHO
Urticaria,Urticaria,Other,15762,0.0013899176847189665,0.9991737604141235,0.006917319260537624,,,,,,,,False,,,,,,,Populate from GBD 2021 Results Tool and WHO GHO
Leukemia,Leukemia,NCD-Cancer,192887,0.001384854898788035,0.9992074370384216,0.007705360651016235,,,,,,,,False,,,,,,,Populate from GBD 2021 Results Tool and WHO GHO
Sexually_transmitted_infections_excluding_HIV,Sexually transmitted infections excluding HIV,Infectious,203014,0.0013834488345310092,0.9991106390953064,0.007182412780821323,,,,,,,,False,,,,,,,Populate from GBD 2021 Results Tool and WHO GHO
Larynx_cancer,Larynx cancer,NCD-Cancer,14243,0.0013770520454272628,0.9993435144424438,0.007105918135493994,,,,,,,,False,,,,,,,Populate from GBD 2021 Results Tool and WHO GHO
Decubitus_ulcer,Decubitus ulcer,Other,13194,0.001358471461571753,0.9991432428359985,0.006826615426689386,,,,,,,,False,,,,,,,Populate from GBD 2021 Results Tool and WHO GHO
Depressive_disorders,Depressive disorders,Mental,227813,0.001347912009805441,0.9993259310722351,0.006946473382413387,,,,,,,,False,,,,,,,Populate from GBD 2021 Results Tool and WHO GHO
Pneumoconiosis,Pneumoconiosis,Other,5837,0.00133895396720618,0.9990484714508057,0.00731023820117116,,,,,,,,False,,,,,,,Populate from GBD 2021 Results Tool and WHO GHO
Cardiomyopathy_and_myocarditis,Cardiomyopathy and myocarditis,NCD-CVD,109826,0.0013340843142941594,0.9991523623466492,0.007447933312505484,,,,,,,,False,,,,,,,Populate from GBD 2021 Results Tool and WHO GHO
Viral_skin_diseases,Viral skin diseases,Other,9983,0.0013326335465535522,0.9991436004638672,0.007102198898792267,,,,,,,,False,,,,,,,Populate from GBD 2021 Results Tool and WHO GHO
Other_mental_disorders,Other mental disorders,Mental,219665,0.0013237077509984374,0.9994320869445801,0.007374185603111982,,,,,,,,False,,,,,,,Populate from GBD 2021 Results Tool and WHO GHO
Soft_tissue_and_other_extraosseous_sarcomas,Soft tissue and other extraosseous sarcomas,NCD-Cancer,69865,0.0013188302982598543,0.9994239807128906,0.007324570789933205,,,,,,,,False,,,,,,,Populate from GBD 2021 Results Tool and WHO GHO
Blindness_and_vision_loss,Blindness and vision loss,Other,55325,0.0013182145776227117,0.9991406798362732,0.007216088008135557,,,,,,,,False,,,,,,,Populate from GBD 2021 Results Tool and WHO GHO
Varicella_and_herpes_zoster,Varicella and herpes zoster,Infectious,15389,0.0013152360916137695,0.9992356300354004,0.007084512617439032,,,,,,,,False,,,,,,,Populate from GBD 2021 Results Tool and WHO GHO
Tuberculosis,Tuberculosis,Infectious,142560,0.0013145303819328547,0.9991748929023743,0.008233887143433094,,,,,,,,False,,,,,,,Populate from GBD 2021 Results Tool and WHO GHO
Chronic_obstructive_pulmonary_disease,Chronic obstructive pulmonary disease,NCD-Other,73460,0.0013139790389686823,0.9992098808288574,0.0071531059220433235,,,,,,,,False,,,,,,,Populate from GBD 2021 Results Tool and WHO GHO
Other_pharynx_cancer,Other pharynx cancer,NCD-Cancer,27592,0.0012990713585168123,0.9995047450065613,0.006896326318383217,,,,,,,,False,,,,,,,Populate from GBD 2021 Results Tool and WHO GHO
Chronic_kidney_disease,Chronic kidney disease,NCD-Other,136989,0.0012980926549062133,0.9993157982826233,0.006722744554281235,,,,,,,,False,,,,,,,Populate from GBD 2021 Results Tool and WHO GHO
Other_neoplasms,Other neoplasms,NCD-Cancer,112046,0.001291214837692678,0.9993516206741333,0.006808165926486254,,,,,,,,False,,,,,,,Populate from GBD 2021 Results Tool and WHO GHO
Hemoglobinopathies_and_hemolytic_anemias,Hemoglobinopathies and hemolytic anemias,Other,38043,0.0012908572098240256,0.9990736842155457,0.007105308584868908,,,,,,,,False,,,,,,,Populate from GBD 2021 Results Tool and WHO GHO
Thyroid_cancer,Thyroid cancer,NCD-Cancer,52209,0.0012881809379905462,0.9993529319763184,0.007098181638866663,,,,,,,,False,,,,,,,Populate from GBD 2021 Results Tool and WHO GHO
Liver_cancer,Liver cancer,NCD-Cancer,156561,0.0012881738366559148,0.9994845390319824,0.0072370655834674835,,,,,,,,False,,,,,,,Populate from GBD 2021 Results Tool and WHO GHO
Psoriasis,Psoriasis,Other,47484,0.0012851256178691983,0.999264121055603,0.007077239919453859,,,,,,,,False,,,,,,,Populate from GBD 2021 Results Tool and WHO GHO
Other_sense_organ_diseases,Other sense organ diseases,Other,99493,0.0012787706218659878,0.9992121458053589,0.007201609667390585,,,,,,,,False,,,,,,,Populate from GBD 2021 Results Tool and WHO GHO
Meningitis,Meningitis,Infectious,42140,0.0012759793316945434,0.9992499351501465,0.007693989668041468,,,,,,,,False,,,,,,,Populate from GBD 2021 Results Tool and WHO GHO
Kidney_cancer,Kidney cancer,NCD-Cancer,67556,0.0012730627786368132,0.9994548559188843,0.007261249702423811,,,,,,,,False,,,,,,,Populate from GBD 2021 Results Tool and WHO GHO
Pulmonary_Arterial_Hypertension,Pulmonary Arterial Hypertension,NCD-CVD,52658,0.0012711983872577548,0.9991531372070312,0.007844376377761364,,,,,,,,False,,,,,,,Populate from GBD 2021 Results Tool and WHO GHO
Congenital_birth_defects,Congenital birth defects,Other,207110,0.0012665730901062489,0.9991509914398193,0.007488636765629053,,,,,,,,False,,,,,,,Populate from GBD 2021 Results Tool and WHO GHO
"Fire,_heat,_and_hot_substances","Fire, heat, and hot substances",Other,30292,0.0012531477259472013,0.9991883635520935,0.007273989263921976,,,,,,,,False,,,,,,,Populate from GBD 2021 Results Tool and WHO GHO
Non-melanoma_skin_cancer,Non-melanoma skin cancer,NCD-Cancer,102183,0.0012498199939727783,0.9995923638343811,0.006761476397514343,,,,,,,,False,,,,,,,Populate from GBD 2021 Results Tool and WHO GHO
Maternal_disorders,Maternal disorders,MNCH,197490,0.0012421804713085294,0.9991770386695862,0.007051172200590372,,,,,,,,False,,,,,,,Populate from GBD 2021 Results Tool and WHO GHO
Multiple_sclerosis,Multiple sclerosis,NCD-Other,90164,0.0012393820798024535,0.9991677403450012,0.006975026801228523,,,,,,,,False,,,,,,,Populate from GBD 2021 Results Tool and WHO GHO
Mesothelioma,Mesothelioma,NCD-Cancer,14334,0.0012371272314339876,0.9993435144424438,0.007207092363387346,,,,,,,,False,,,,,,,Populate from GBD 2021 Results Tool and WHO GHO
Malignant_neoplasm_of_bone_and_articular_cartilage,Malignant neoplasm of bone and articular cartilage,NCD-Cancer,72852,0.0012254565954208374,0.9993911981582642,0.0074175214394927025,,,,,,,,False,,,,,,,Populate from GBD 2021 Results Tool and WHO GHO
Cervical_cancer,Cervical cancer,NCD-Cancer,77362,0.0012234514579176903,0.999399721622467,0.00727734062820673,,,,,,,,False,,,,,,,Populate from GBD 2021 Results Tool and WHO GHO
Other_nutritional_deficiencies,Other nutritional deficiencies,Nutritional,72403,0.00122140406165272,0.999301552772522,0.0072068339213728905,,,,,,,,False,,,,,,,Populate from GBD 2021 Results Tool and WHO GHO
Pancreatic_cancer,Pancreatic cancer,NCD-Cancer,87717,0.0012173973955214024,0.9995570182800293,0.007388839963823557,,,,,,,,False,,,,,,,Populate from GBD 2021 Results Tool and WHO GHO
Gout,Gout,NCD-Other,12818,0.0012046241899952292,0.9992230534553528,0.007543409243226051,,,,,,,,False,,,,,,,Populate from GBD 2021 Results Tool and WHO GHO
Asthma,Asthma,NCD-Other,142197,0.0012016785331070423,0.9992629885673523,0.007302391342818737,,,,,,,,False,,,,,,,Populate from GBD 2021 Results Tool and WHO GHO
Ovarian_cancer,Ovarian cancer,NCD-Cancer,88730,0.0012010389473289251,0.9995417594909668,0.0074203903786838055,,,,,,,,False,,,,,,,Populate from GBD 2021 Results Tool and WHO GHO
Nasopharynx_cancer,Nasopharynx cancer,NCD-Cancer,24915,0.0011983930598944426,0.9994438290596008,0.007790419738739729,,,,,,,,False,,,,,,,Populate from GBD 2021 Results Tool and WHO GHO
Bladder_cancer,Bladder cancer,NCD-Cancer,54009,0.0011978810653090477,0.9995356202125549,0.007083744276314974,,,,,,,,False,,,,,,,Populate from GBD 2021 Results Tool and WHO GHO
Gallbladder_and_biliary_diseases,Gallbladder and biliary diseases,NCD-Other,62746,0.0011957562528550625,0.9993249177932739,0.007095328066498041,,,,,,,,False,,,,,,,Populate from GBD 2021 Results Tool and WHO GHO
HIV_AIDS,HIV AIDS,Infectious,222246,0.001190053764730692,0.9992278814315796,0.007636045105755329,,,,,,,,False,,,,,,,Populate from GBD 2021 Results Tool and WHO GHO
Brain_and_central_nervous_system_cancer,Brain and central nervous system cancer,NCD-Cancer,155117,0.0011831409065052867,0.9993929862976074,0.007337271235883236,,,,,,,,False,,,,,,,Populate from GBD 2021 Results Tool and WHO GHO
Dietary_iron_deficiency,Dietary iron deficiency,Nutritional,22514,0.0011814224999397993,0.9992982149124146,0.00694924034178257,,,,,,,,False,,,,,,,Populate from GBD 2021 Results Tool and WHO GHO
Prostate_cancer,Prostate cancer,NCD-Cancer,164684,0.0011781960492953658,0.9994072914123535,0.007247893139719963,,,,,,,,False,,,,,,,Populate from GBD 2021 Results Tool and WHO GHO
Lip_and_oral_cavity_cancer,Lip and oral cavity cancer,NCD-Cancer,57156,0.0011779284104704857,0.9994972348213196,0.007045316975563765,,,,,,,,False,,,,,,,Populate from GBD 2021 Results Tool and WHO GHO
Malignant_skin_melanoma,Malignant skin melanoma,NCD-Cancer,120427,0.0011710887774825096,0.9994215965270996,0.007789527531713247,,,,,,,,False,,,,,,,Populate from GBD 2021 Results Tool and WHO GHO
Pruritus,Pruritus,Other,19806,0.0011669844388961792,0.9993494749069214,0.007112381514161825,,,,,,,,False,,,,,,,Populate from GBD 2021 Results Tool and WHO GHO
Poisonings,Poisonings,Injury,91498,0.0011658460134640336,0.9991771578788757,0.008113138377666473,,,,,,,,False,,,,,,,Populate from GBD 2021 Results Tool and WHO GHO
Dermatitis,Dermatitis,Other,77689,0.0011626153718680143,0.9993755221366882,0.007407326251268387,,,,,,,,False,,,,,,,Populate from GBD 2021 Results Tool and WHO GHO
Uterine_cancer,Uterine cancer,NCD-Cancer,96168,0.001155062927864492,0.9995306730270386,0.007061760872602463,,,,,,,,False,,,,,,,Populate from GBD 2021 Results Tool and WHO GHO
Other_unspecified_infectious_diseases,Other unspecified infectious diseases,Infectious,211595,0.0011427205754444003,0.9993295073509216,0.00756648788228631,,,,,,,,False,,,,,,,Populate from GBD 2021 Results Tool and WHO GHO
Rheumatoid_arthritis,Rheumatoid arthritis,NCD-Other,111424,0.0011207318166270852,0.9993170499801636,0.007166572846472263,,,,,,,,False,,,,,,,Populate from GBD 2021 Results Tool and WHO GHO
Cirrhosis_and_other_chronic_liver_diseases,Cirrhosis and other chronic liver diseases,NCD-Other,115444,0.0011193030513823032,0.9993690252304077,0.006807056721299887,,,,,,,,False,,,,,,,Populate from GBD 2021 Results Tool and WHO GHO
Inflammatory_bowel_disease,Inflammatory bowel disease,NCD-Other,95884,0.0011190694058313966,0.9993254542350769,0.007038096431642771,,,,,,,,False,,,,,,,Populate from GBD 2021 Results Tool and WHO GHO
"Tracheal,_bronchus,_and_lung_cancer","Tracheal, bronchus, and lung cancer",Other,188000,0.0011176728876307607,0.9995706081390381,0.007741264067590237,,,,,,,,False,,,,,,,Populate from GBD 2021 Results Tool and WHO GHO
Pancreatitis,Pancreatitis,NCD-Other,48066,0.0011160314315930009,0.9993355870246887,0.00710704131051898,,,,,,,,False,,,,,,,Populate from GBD 2021 Results Tool and WHO GHO
Oral_disorders,Oral disorders,Other,192917,0.001101818634197116,0.9992435574531555,0.007403785362839699,,,,,,,,False,,,,,,,Populate from GBD 2021 Results Tool and WHO GHO
Other_intestinal_infectious_diseases,Other intestinal infectious diseases,Infectious,25413,0.0011003565741702914,0.9993236660957336,0.007296539843082428,,,,,,,,False,,,,,,,Populate from GBD 2021 Results Tool and WHO GHO
Headache_disorders,Headache disorders,Other,99995,0.0010897755855694413,0.9993179440498352,0.007150991819798946,,,,,,,,False,,,,,,,Populate from GBD 2021 Results Tool and WHO GHO
Other_chronic_respiratory_diseases,Other chronic respiratory diseases,Other,99873,0.0010788876097649336,0.9993942379951477,0.007234664633870125,,,,,,,,False,,,,,,,Populate from GBD 2021 Results Tool and WHO GHO
Hypertensive_heart_disease,Hypertensive heart disease,NCD-CVD,228464,0.0010738575365394354,0.9994747042655945,0.007208548486232758,,,,,,,,False,,,,,,,Populate from GBD 2021 Results Tool and WHO GHO
Stroke,Stroke,NCD-CVD,213448,0.0010709970956668258,0.9994202852249146,0.007260454352945089,,,,,,,,False,,,,,,,Populate from GBD 2021 Results Tool and WHO GHO
Diabetes_mellitus,Diabetes mellitus,NCD-Other,231620,0.0010570836020633578,0.9994475245475769,0.00733746774494648,,,,,,,,False,,,,,,,Populate from GBD 2021 Results Tool and WHO GHO
Diarrheal_diseases,Diarrheal diseases,Infectious,115871,0.0010553443571552634,0.9993656277656555,0.007903823629021645,,,,,,,,False,,,,,,,Populate from GBD 2021 Results Tool and WHO GHO
Breast_cancer,Breast cancer,NCD-Cancer,219224,0.0010550826555117965,0.9995400905609131,0.007509819231927395,,,,,,,,False,,,,,,,Populate from GBD 2021 Results Tool and WHO GHO
Lower_respiratory_infections,Lower respiratory infections,Infectious,174866,0.0010489261476323009,0.9994163513183594,0.007580908015370369,,,,,,,,False,,,,,,,Populate from GBD 2021 Results Tool and WHO GHO
Lower_extremity_peripheral_arterial_disease,Lower extremity peripheral arterial disease,NCD-CVD,52741,0.0010444909567013383,0.9994124174118042,0.0074417670257389545,,,,,,,,False,,,,,,,Populate from GBD 2021 Results Tool and WHO GHO
Colon_and_rectum_cancer,Colon and rectum cancer,NCD-Cancer,190757,0.0010421520564705133,0.9996317625045776,0.0075095584616065025,,,,,,,,False,,,,,,,Populate from GBD 2021 Results Tool and WHO GHO
Upper_respiratory_infections,Upper respiratory infections,Infectious,176702,0.0010368520161136985,0.9994226098060608,0.007598127704113722,,,,,,,,False,,,,,,,Populate from GBD 2021 Results Tool and WHO GHO
Other_malignant_neoplasms,Other malignant neoplasms,NCD-Cancer,221347,0.0010278815170750022,0.9996271729469299,0.007286077830940485,,,,,,,,False,,,,,,,Populate from GBD 2021 Results Tool and WHO GHO
Neonatal_disorders,Neonatal disorders,MNCH,222965,0.0009983265772461891,0.9993723630905151,0.007504780776798725,,,,,,,,False,,,,,,,Populate from GBD 2021 Results Tool and WHO GHO
Gynecological_diseases,Gynecological diseases,Other,207352,0.000982270808890462,0.9995316863059998,0.007290965411812067,,,,,,,,False,,,,,,,Populate from GBD 2021 Results Tool and WHO GHO
Other_musculoskeletal_disorders,Other musculoskeletal disorders,Other,219603,0.0009724801639094949,0.9994416236877441,0.007729632779955864,,,,,,,,False,,,,,,,Populate from GBD 2021 Results Tool and WHO GHO
Other_cardiovascular_and_circulatory_diseases,Other cardiovascular and circulatory diseases,NCD-CVD,210283,0.0009405058808624744,0.9995600581169128,0.007804782595485449,,,,,,,,False,,,,,,,Populate from GBD 2021 Results Tool and WHO GHO
Adverse_effects_of_medical_treatment,Adverse effects of medical treatment,Injury,115362,0.0009236311889253557,0.9994407892227173,0.00751708447933197,,,,,,,,False,,,,,,,Populate from GBD 2021 Results Tool and WHO GHO
Urinary_diseases_and_male_infertility,Urinary diseases and male infertility,Other,217013,0.0008891248726285994,0.9995130896568298,0.007422324735671282,,,,,,,,False,,,,,,,Populate from GBD 2021 Results Tool and WHO GHO
Other_neurological_disorders,Other neurological disorders,Other,220012,0.0008771502762101591,0.9995073676109314,0.007837469689548016,,,,,,,,False,,,,,,,Populate from GBD 2021 Results Tool and WHO GHO
Upper_digestive_system_diseases,Upper digestive system diseases,Other,216009,0.0008628761861473322,0.9995750188827515,0.007644737139344215,,,,,,,,False,,,,,,,Populate from GBD 2021 Results Tool and WHO GHO
"Endocrine,_metabolic,_blood,_and_immune_disorders","Endocrine, metabolic, blood, and immune disorders",Other,219891,0.0008232027175836265,0.999566376209259,0.0076827858574688435,,,,,,,,False,,,,,,,Populate from GBD 2021 Results Tool and WHO GHO
Other_digestive_diseases,Other digestive diseases,Other,218025,0.0007999330991879106,0.9996199607849121,0.007772253360599279,,,,,,,,False,,,,,,,Populate from GBD 2021 Results Tool and WHO GHO
Other_skin_and_subcutaneous_diseases,Other skin and subcutaneous diseases,Other,204666,0.0007831478142179549,0.9995349645614624,0.007841210812330246,,,,,,,,False,,,,,,,Populate from GBD 2021 Results Tool and WHO GHO
